496, 716, 531, 374, 883, 749, 138, 815, 522, 597, 299, 786, 952, 279, 302, 241, 401, 913, 139, 779, 268, 236, 80, 822, 974, 532, 465, 108, 172, 790, 684, 181, 873, 418, 443, 409, 184, 911, 274, 524
753, 342, 212, 920, 925, 1014, 802, 560, 169, 370, 234, 67, 265, 819, 71, 218, 477, 744, 126, 109,600, 884, 881, 488, 54, 341, 666, 724, 331, 276, 179, 376, 773, 294, 816, 632, 778, 345, 526, 238
530, 559, 562, 527, 556, 649, 526, 782, 498, 531, 393, 627, 591, 877, 916, 93, 360, 631, 840, 779, 305, 339, 345, 460, 389, 493, 494, 528, 398, 563, 781, 411, 412, 115, 340, 403, 872, 587, 435, 167
654, 154, 844, 369, 877, 300, 527, 783, 568, 401, 839, 804, 470, 718, 304, 457, 410, 859, 472, 466, 670, 657, 565, 344, 180, 725, 296, 590, 166, 337, 975, 522, 853, 263, 282, 944, 797, 137, 530, 426
531, 913, 403, 686, 750, 430, 365, 309, 421, 1013, 725, 495, 810, 716, 564, 562, 536, 701, 622, 559, 426, 423, 781, 303, 361, 340, 773, 532, 688, 398, 789, 594, 958, 514, 646, 374, 302, 785, 749, 216
528, 560, 784, 531, 457, 555, 106, 580, 520, 486, 533, 412, 692, 754, 774, 194, 682, 721, 189, 461, 276, 790, 860, 84, 915, 532, 535, 782, 525, 523, 548, 1004, 110, 334, 963, 875, 946, 103, 382, 772
339, 591, 488, 337, 561, 465, 367, 626, 594, 775, 369, 314, 376, 723, 413, 624, 430, 691, 492, 502, 402, 221, 358, 625, 349, 338, 459, 303, 957, 997, 87, 531, 325, 994, 374, 496, 666, 693, 457, 560 
498, 468, 397, 490, 462, 246, 495, 595, 531, 719, 339, 877, 524, 753, 509, 943, 761, 177, 728, 427, 848, 601, 534, 345, 586, 138, 754, 429, 431, 461, 423, 494, 784, 561, 316, 637, 302, 566, 967, 408
311, 240, 106, 75, 723, 948, 267, 78, 185, 363, 364, 85, 80, 103, 112, 751, 563, 86, 74, 39, 372, 208, 529, 108, 278, 275, 335, 652, 978, 92, 943, 752, 541, 431, 233, 476, 203, 56, 375, 628
910, 117, 107, 392, 1003, 162, 850, 919, 407, 104, 600, 232, 123, 173, 972, 632, 161, 153, 966, 89, 743, 236, 907, 60, 71, 172, 565, 154, 296, 149, 626, 876, 514, 987, 908, 171, 899, 311, 804, 378
